{"accuracy": [0.6563, 0.7509, 0.7606, 0.7693, 0.7776, 0.7876, 0.7934, 0.7815, 0.7805, 0.7877, 0.7899, 0.7875, 0.7998, 0.8018, 0.7935, 0.804, 0.8028, 0.8005, 0.7988, 0.7971, 0.8048, 0.8021, 0.7969, 0.7918, 0.7936, 0.806, 0.8029, 0.8105, 0.8004, 0.8022, 0.8126, 0.8052, 0.8168, 0.8093, 0.8019, 0.8082, 0.8077, 0.8213, 0.8145, 0.8028, 0.7999, 0.8189, 0.8075, 0.8087, 0.8116, 0.8158, 0.8066, 0.8064, 0.8179, 0.8184, 0.8118, 0.8222, 0.8125, 0.8128, 0.8075, 0.8159, 0.8071, 0.811, 0.8092, 0.8139], "loss": [0.7067, 0.5315, 0.5101, 0.4968, 0.4924, 0.4675, 0.4688, 0.4737, 0.4665, 0.4676, 0.4637, 0.4536, 0.4483, 0.4467, 0.4479, 0.4372, 0.4303, 0.4272, 0.4348, 0.4318, 0.4368, 0.4357, 0.4357, 0.4435, 0.4377, 0.4147, 0.4216, 0.4101, 0.4294, 0.4099, 0.4104, 0.4161, 0.4065, 0.4222, 0.4179, 0.4055, 0.4152, 0.3944, 0.4027, 0.4129, 0.4143, 0.3926, 0.4092, 0.4026, 0.4033, 0.3942, 0.4106, 0.4121, 0.4028, 0.3869, 0.4, 0.3961, 0.3999, 0.3926, 0.4046, 0.3957, 0.4094, 0.4036, 0.4067, 0.3966], "val_accuracy": [0.755, 0.7688, 0.7694, 0.7723, 0.7844, 0.7815, 0.7861, 0.7872, 0.7895, 0.7849, 0.7895, 0.7907, 0.7959, 0.7936, 0.7941, 0.7867, 0.7884, 0.789, 0.7976, 0.7941, 0.7959, 0.7901, 0.7901, 0.7941, 0.7976, 0.7999, 0.7993, 0.8022, 0.8033, 0.8028, 0.7982, 0.7976, 0.8039, 0.801, 0.7993, 0.7999, 0.7993, 0.7987, 0.7976, 0.801, 0.7999, 0.7993, 0.801, 0.8022, 0.8028, 0.8028, 0.8028, 0.8028, 0.8033, 0.8016, 0.8022, 0.8028, 0.8028, 0.8022, 0.8022, 0.8039, 0.8039, 0.8016, 0.8033, 0.8016], "val_loss": [0.517, 0.4853, 0.4774, 0.4738, 0.4656, 0.4663, 0.4649, 0.4613, 0.4572, 0.4599, 0.4512, 0.4465, 0.4474, 0.4429, 0.4428, 0.4392, 0.4389, 0.4334, 0.4326, 0.4312, 0.427, 0.4278, 0.4273, 0.4277, 0.4182, 0.4149, 0.4125, 0.4111, 0.4113, 0.4126, 0.4125, 0.4111, 0.4097, 0.4096, 0.4084, 0.4085, 0.4075, 0.4089, 0.4086, 0.4075, 0.4065, 0.4063, 0.4053, 0.4053, 0.4053, 0.4055, 0.4048, 0.404, 0.4037, 0.4042, 0.4039, 0.4037, 0.4038, 0.4037, 0.4041, 0.4041, 0.404, 0.4038, 0.4039, 0.4041], "learning_rate": [0.001, 0.001, 0.001, 0.001, 0.001, 0.001, 0.001, 0.001, 0.001, 0.001, 0.001, 0.001, 0.001, 0.001, 0.001, 0.001, 0.001, 0.001, 0.001, 0.001, 0.001, 0.001, 0.001, 0.001, 0.001, 0.0005, 0.0005, 0.0005, 0.0005, 0.0005, 0.0005, 0.00025, 0.00025, 0.00025, 0.00025, 0.00025, 0.00025, 0.00025, 0.00025, 0.000125, 0.000125, 0.000125, 0.000125, 0.000125, 0.000125, 6.25e-05, 6.25e-05, 6.25e-05, 6.25e-05, 6.25e-05, 3.125e-05, 3.125e-05, 3.125e-05, 1.5625e-05, 1.5625e-05, 1.5625e-05, 7.8125e-06, 7.8125e-06, 7.8125e-06, 7.8125e-06]}